county_code,party_affiliation,voters,new_in_april,new_in_may,missing_after_march,missing_after_april,zip_changed_mar_apr,zip_changed_apr_may,county_changed_mar_apr,county_changed_apr_may,party_changed_mar_apr,party_changed_apr_may,status_changed_mar_apr,status_changed_apr_may
ALA,AMF,202,9,9,2,0,10,3,5,2,21,9,4,6
ALA,ASP,104,0,2,0,0,2,1,0,1,4,0,2,2
ALA,BPP,142,1,3,0,0,2,0,0,0,1,0,1,0
ALA,CPF,182,0,0,0,1,3,1,2,0,2,1,1,0
ALA,CPP,98,2,0,0,0,1,1,1,0,3,2,0,1
ALA,CSV,385,4,2,0,0,1,2,0,1,2,4,5,0
ALA,DEM,90492,200,144,110,93,434,303,194,121,149,93,380,173
ALA,ECO,78,0,1,0,0,0,0,0,0,2,0,0,1
ALA,FFP,36,0,0,0,0,0,2,0,0,0,0,1,1
ALA,GRE,255,2,1,0,1,1,1,0,1,1,2,1,4
ALA,IND,4005,16,11,4,4,46,26,27,16,65,49,20,14
ALA,JEF,2,0,0,0,0,0,0,0,0,0,0,0,0
ALA,LPF,786,1,2,0,1,5,9,2,6,5,7,4,4
ALA,MGT,1,0,0,0,0,0,0,0,0,0,0,0,0
ALA,NPA,50813,161,130,41,30,259,181,143,86,167,137,245,102
ALA,PSL,80,2,1,0,0,2,2,2,1,2,2,0,0
ALA,REP,56148,121,114,71,57,282,252,151,140,121,121,126,102
BAK,AMF,28,2,2,0,0,1,0,1,0,1,0,1,0
BAK,ASP,19,1,0,0,0,0,0,0,0,0,0,0,0
BAK,BPP,3,0,0,0,0,0,0,0,0,0,0,0,0
BAK,CPF,56,0,0,0,0,1,0,1,0,1,0,0,0
BAK,CPP,21,0,1,0,0,0,0,0,0,2,2,1,1
BAK,CSV,60,0,0,0,0,0,1,0,1,0,0,0,0
BAK,DEM,3640,7,5,7,3,11,12,6,7,7,4,30,11
BAK,ECO,8,0,0,0,0,0,0,0,0,0,0,0,0
BAK,FFP,3,0,1,0,0,0,0,0,0,0,0,0,0
BAK,GRE,13,0,1,0,0,0,0,0,0,0,0,0,0
BAK,IND,232,2,1,0,0,2,1,2,1,3,3,2,0
BAK,LPF,58,1,0,0,0,0,1,0,1,0,1,1,1
BAK,NPA,2536,9,8,7,2,6,7,2,5,2,4,33,6
BAK,PSL,2,0,0,0,0,0,0,0,0,0,0,0,0
BAK,REP,13551,27,29,20,15,58,42,27,24,13,20,55,18
BAY,AMF,322,18,24,0,0,14,7,4,2,25,13,5,12
BAY,ASP,124,1,2,0,0,2,0,1,0,3,1,0,3
BAY,BPP,85,1,1,0,0,2,0,0,0,1,1,1,2
BAY,CPF,322,1,0,0,0,1,1,0,1,4,0,1,20
BAY,CPP,142,5,3,0,1,4,3,1,1,5,6,3,5
BAY,CSV,759,3,4,2,0,1,2,0,2,3,4,2,31
BAY,DEM,28286,109,109,63,45,143,89,55,41,61,43,97,634
BAY,ECO,67,1,1,0,1,0,1,0,0,0,2,0,1
BAY,FFP,23,1,1,0,0,0,0,0,0,0,0,0,1
BAY,GRE,171,3,1,0,0,2,0,1,0,4,1,1,2
BAY,IND,3168,23,25,1,4,28,19,6,11,28,31,10,53
BAY,JEF,1,0,0,0,0,0,0,0,0,0,0,0,0
BAY,LPF,701,3,2,2,1,7,2,4,1,3,1,5,7
BAY,MGT,2,0,0,0,0,0,0,0,0,0,0,0,0
BAY,NPA,30894,140,123,50,38,129,69,57,32,77,43,88,593
BAY,PSL,30,0,1,0,0,2,1,0,1,1,0,1,1
BAY,REP,82563,358,300,142,92,394,295,163,112,107,86,122,1131
BRA,AMF,52,1,0,0,0,0,0,0,1,7,6,3,1
BRA,ASP,15,0,0,0,0,0,1,0,1,1,1,1,0
BRA,BPP,4,0,0,0,0,0,0,0,0,0,1,0,0
BRA,CPF,37,0,0,0,0,0,0,0,0,0,0,1,0
BRA,CPP,13,0,0,0,0,0,0,0,0,0,0,0,0
BRA,CSV,81,1,1,0,0,0,1,0,1,0,0,0,0
BRA,DEM,4412,11,3,13,11,21,9,12,9,16,9,41,10
BRA,ECO,3,0,0,0,0,0,0,0,0,0,0,0,0
BRA,FFP,6,0,0,0,0,0,0,0,0,1,1,0,0
BRA,GRE,7,0,0,0,0,0,0,0,0,0,0,0,0
BRA,IND,272,1,1,0,0,2,2,2,2,2,5,4,1
BRA,LPF,68,0,0,0,0,1,0,1,0,2,0,0,0
BRA,NPA,2813,9,10,3,4,10,11,6,9,7,10,29,7
BRA,REP,11743,24,16,23,16,66,41,47,39,28,21,69,14
BRE,AMF,375,16,18,0,0,15,13,5,3,25,36,11,10
BRE,ASP,175,3,2,0,0,5,2,4,2,2,3,4,2
BRE,BPP,399,1,4,0,0,14,7,9,3,15,7,10,4
BRE,CPF,711,2,4,1,0,0,1,0,1,2,2,13,1
BRE,CPP,207,5,3,0,0,3,3,1,0,3,7,1,2
BRE,CSV,1352,3,2,4,2,16,8,12,4,11,10,35,7
BRE,DEM,131959,328,360,511,200,635,592,258,248,262,227,1250,217
BRE,ECO,172,4,3,0,0,2,1,1,1,1,3,2,0
BRE,FFP,46,2,0,0,0,1,0,0,0,1,4,0,2
BRE,GRE,492,3,1,1,0,0,4,0,2,1,8,7,2
BRE,IND,14526,62,74,44,18,154,103,60,40,194,173,199,44
BRE,JEF,8,0,0,0,0,0,0,0,0,1,0,0,1
BRE,LPF,2003,9,11,5,1,14,6,7,1,11,8,25,3
BRE,MGT,3,0,0,0,0,0,0,0,0,0,0,0,0
BRE,NPA,136742,465,412,366,152,707,649,288,251,421,364,1440,260
BRE,PSL,88,0,0,1,0,2,1,0,1,3,1,2,2
BRE,REP,226727,680,694,763,310,1198,1102,506,448,396,392,1948,306
BRO,AMF,1131,53,36,3,0,32,21,9,4,50,33,16,10
BRO,ASP,450,5,11,0,0,3,3,1,0,6,3,1,1
BRO,BPP,575,14,7,4,0,1,6,2,1,5,5,1,1
BRO,CPF,916,5,2,4,1,3,1,3,1,0,0,0,0
BRO,CPP,447,8,3,1,0,2,14,1,5,5,13,0,4
BRO,CSV,1790,9,10,1,0,10,3,6,3,12,5,3,2
BRO,DEM,590181,674,747,1006,660,2451,1678,630,414,380,352,309,207
BRO,ECO,278,1,1,0,0,2,1,1,1,4,1,0,0
BRO,FFP,131,3,7,0,0,1,2,0,0,3,5,0,1
BRO,GRE,828,1,3,0,1,3,3,1,2,4,5,0,0
BRO,IND,26171,55,59,39,22,171,148,78,52,165,164,32,21
BRO,JEF,6,0,0,0,0,0,0,0,0,1,0,0,0
BRO,LPF,1977,5,2,2,1,6,10,3,5,4,8,0,2
BRO,MGT,5,0,0,0,0,0,0,0,0,0,0,0,0
BRO,NPA,419040,838,991,462,279,1357,1016,611,347,536,489,273,196
BRO,PSL,209,3,0,0,0,1,0,0,0,2,0,0,0
BRO,REP,312569,525,503,538,294,1568,989,662,375,427,370,183,130
CAL,AMF,5,0,0,0,0,0,0,0,0,0,0,0,0
CAL,CPP,3,0,1,0,0,0,0,0,0,0,0,0,0
CAL,CSV,20,0,0,0,0,0,1,0,1,1,1,0,0
CAL,DEM,2358,3,0,8,3,3,3,3,3,2,2,21,1
CAL,ECO,1,1,0,0,0,0,0,0,0,0,0,0,0
CAL,GRE,4,0,0,0,0,0,0,0,0,0,0,0,0
CAL,IND,61,0,0,0,0,0,0,0,0,1,0,1,0
CAL,LPF,14,0,0,0,0,1,0,1,0,0,0,1,0
CAL,NPA,1017,4,6,0,0,6,1,5,1,4,9,16,1
CAL,REP,5146,14,12,15,4,27,20,19,15,14,2,36,3
CHA,AMF,321,21,19,0,0,28,18,5,6,33,21,4,7
CHA,ASP,85,3,4,0,0,6,1,0,1,3,1,1,1
CHA,BPP,108,3,5,0,0,8,3,6,1,5,3,2,1
CHA,CPF,277,0,0,1,1,12,1,4,0,3,1,2,1
CHA,CPP,138,4,4,0,0,1,3,0,1,1,3,0,2
CHA,CSV,840,3,2,0,4,33,8,3,3,8,4,3,0
CHA,DEM,35387,111,104,180,98,750,352,130,85,123,91,153,87
CHA,ECO,70,0,1,1,1,1,1,0,1,0,0,2,0
CHA,FFP,34,2,2,0,0,0,0,0,0,0,0,0,0
CHA,GRE,119,1,1,0,0,4,2,0,1,0,2,1,0
CHA,IND,5136,24,35,20,10,189,72,42,20,95,58,23,15
CHA,LPF,453,5,2,1,1,13,4,5,2,4,4,3,1
CHA,MGT,1,0,0,0,0,0,1,0,1,0,1,0,0
CHA,NPA,42944,149,136,153,105,849,315,196,115,157,110,296,89
CHA,PSL,16,0,0,0,0,0,0,0,0,0,0,1,0
CHA,REP,91926,415,453,396,200,2161,917,452,266,209,197,227,155
CIT,AMF,215,11,7,0,0,6,6,3,3,12,15,2,4
CIT,ASP,62,0,1,0,0,0,0,0,0,1,1,0,0
CIT,BPP,103,2,4,0,0,1,1,1,1,1,2,1,2
CIT,CPF,251,1,2,0,2,2,0,1,0,1,0,0,1
CIT,CPP,95,2,1,0,0,2,1,1,0,2,1,1,3
CIT,CSV,569,1,2,0,0,3,3,2,3,4,7,0,4
CIT,DEM,24930,68,70,73,56,151,83,106,57,67,51,30,116
CIT,ECO,52,0,0,0,0,0,0,0,0,1,0,1,2
CIT,FFP,18,0,0,0,0,2,1,1,1,2,0,1,0
CIT,GRE,80,0,0,0,0,1,0,0,0,4,0,2,0
CIT,IND,3718,19,16,4,6,46,37,28,19,73,66,11,27
CIT,JEF,1,0,0,0,0,0,0,0,0,0,0,0,0
CIT,LPF,369,0,2,1,0,4,2,4,0,2,1,1,2
CIT,NPA,29608,71,95,43,42,172,113,112,70,104,79,49,115
CIT,PSL,17,0,1,0,0,0,0,0,0,0,0,0,0
CIT,REP,77854,240,221,168,129,501,389,331,230,155,157,79,337
CLA,AMF,300,11,17,0,0,11,13,4,9,27,29,6,8
CLA,ASP,109,3,1,0,0,0,1,0,1,2,1,3,0
CLA,BPP,172,5,2,0,0,3,7,2,2,5,6,2,3
CLA,CPF,335,1,3,0,0,1,3,0,1,4,1,3,0
CLA,CPP,165,3,4,1,0,3,6,2,2,5,9,3,2
CLA,CSV,753,6,5,2,0,9,8,5,3,10,7,8,4
CLA,DEM,38019,119,123,70,51,264,276,172,68,134,73,337,65
CLA,ECO,67,0,0,0,0,0,1,0,0,0,0,0,0
CLA,FFP,33,1,0,0,0,0,2,0,1,0,3,1,1
CLA,GRE,115,2,0,0,0,1,1,0,0,1,1,2,1
CLA,IND,3927,17,24,4,2,42,47,24,12,66,53,42,13
CLA,JEF,1,0,0,0,0,0,0,0,0,0,0,0,0
CLA,LPF,739,3,1,0,0,3,5,1,2,4,3,7,4
CLA,NPA,40576,120,123,63,39,199,238,120,59,119,99,401,63
CLA,PSL,23,0,0,0,0,0,1,0,1,0,2,1,0
CLA,REP,98767,260,278,178,135,566,744,282,192,181,162,647,137
CLL,AMF,286,25,11,0,0,9,10,5,4,15,22,6,5
CLL,ASP,162,1,2,0,0,3,0,1,0,2,3,1,1
CLL,BPP,103,0,1,0,0,2,0,2,0,2,0,2,0
CLL,CPF,397,3,0,1,0,0,0,0,0,0,0,8,1
CLL,CPP,137,0,2,0,0,2,0,1,0,2,3,0,0
CLL,CSV,889,5,9,1,0,4,4,2,2,6,8,11,2
CLL,DEM,57621,197,204,216,85,230,142,130,67,157,141,671,71
CLL,ECO,110,1,0,1,1,1,1,1,1,1,2,1,1
CLL,FFP,25,1,1,0,0,1,0,1,0,2,0,0,0
CLL,GRE,170,4,1,0,0,1,0,1,0,1,1,3,0
CLL,IND,6155,44,41,17,8,49,29,25,14,84,71,69,6
CLL,JEF,7,0,0,0,0,0,0,0,0,0,0,1,0
CLL,LPF,603,4,4,0,0,7,2,2,0,8,3,5,1
CLL,MGT,3,0,1,0,0,0,0,0,0,0,0,0,0
CLL,NPA,68516,240,238,179,69,261,179,150,97,177,128,698,81
CLL,PSL,34,0,1,0,0,0,0,0,0,0,0,1,0
CLL,REP,155569,601,659,388,232,663,456,343,197,184,190,1661,154
CLM,AMF,79,5,3,0,1,2,3,1,2,4,6,2,3
CLM,ASP,20,0,0,0,0,0,0,0,0,0,1,0,1
CLM,BPP,23,0,1,0,0,0,0,0,0,0,0,0,0
CLM,CPF,112,0,0,0,0,1,0,1,0,0,0,1,0
CLM,CPP,45,1,1,0,0,1,0,1,0,1,0,2,0
CLM,CSV,186,0,1,1,1,3,0,2,0,1,0,1,0
CLM,DEM,11777,25,27,23,12,33,28,23,13,12,11,140,15
CLM,ECO,8,0,0,0,0,0,0,0,0,0,0,0,0
CLM,FFP,3,0,0,0,0,0,0,0,0,0,0,0,0
CLM,GRE,33,0,1,0,0,0,0,0,0,0,0,1,0
CLM,IND,815,6,5,3,1,13,3,12,3,22,8,14,2
CLM,JEF,1,0,0,0,0,0,0,0,0,0,0,0,0
CLM,LPF,172,0,0,0,0,2,1,2,1,1,0,0,0
CLM,NPA,8509,30,22,11,8,51,35,37,23,34,13,143,12
CLM,PSL,4,0,0,0,0,0,0,0,0,0,0,0,0
CLM,REP,26737,73,63,51,27,130,98,102,55,36,34,138,30
DAD,AMF,1470,84,69,3,1,53,22,10,6,108,52,58,33
DAD,ASP,584,14,13,2,0,4,5,2,0,12,8,8,13
DAD,BPP,621,9,15,2,1,11,8,4,1,12,9,6,8
DAD,CPF,1061,4,9,0,0,3,1,1,0,3,3,1,3
DAD,CPP,515,13,17,1,2,12,5,3,1,19,15,11,7
DAD,CSV,1722,11,9,2,1,6,4,3,0,12,7,8,14
DAD,DEM,551389,1186,1128,848,786,1578,1076,431,277,655,435,3194,1829
DAD,ECO,359,4,1,0,0,1,1,0,1,6,0,4,0
DAD,FFP,110,2,6,0,0,1,2,0,1,3,3,0,3
DAD,GRE,963,2,8,0,0,3,3,2,0,4,4,5,5
DAD,IND,29966,116,100,29,21,174,136,45,33,287,202,166,166
DAD,JEF,6,0,0,0,0,0,1,0,0,0,1,0,1
DAD,LPF,2074,6,6,3,3,15,6,5,2,13,3,12,9
DAD,MGT,4,0,1,0,0,0,0,0,0,0,0,0,0
DAD,NPA,532694,1420,1456,451,436,1516,1147,369,283,924,674,2423,1670
DAD,PSL,189,3,1,1,0,0,2,0,1,2,1,3,1
DAD,REP,522087,1337,1187,699,592,1813,1298,409,259,1059,713,1133,1420
DAD,WPF,1,0,0,0,0,0,0,0,0,0,1,0,0
DES,AMF,40,0,3,0,0,1,1,1,1,3,4,1,0
DES,ASP,14,0,0,0,0,1,1,1,1,1,1,0,1
DES,BPP,12,0,0,0,0,0,0,0,0,1,0,1,0
DES,CPF,51,1,0,1,0,0,0,0,0,0,0,0,0
DES,CPP,8,0,1,0,0,0,0,0,0,0,0,0,0
DES,CSV,94,1,0,0,1,1,1,1,0,0,2,0,0
DES,DEM,5595,14,13,16,11,23,6,21,6,8,7,14,7
DES,ECO,3,0,1,0,0,0,0,0,0,0,0,0,0
DES,FFP,3,0,0,0,0,0,0,0,0,0,0,0,0
DES,GRE,9,0,0,0,0,1,0,1,0,0,0,0,0
DES,IND,299,0,1,0,0,5,4,4,4,2,5,0,0
DES,LPF,33,0,0,0,0,0,0,0,0,0,0,0,0
DES,NPA,4646,20,19,4,3,28,9,26,9,8,8,19,3
DES,PSL,2,0,0,0,0,0,0,0,0,0,1,0,0
DES,REP,9491,32,33,5,17,55,30,50,26,27,17,19,8
DIX,AMF,11,0,0,0,0,0,0,0,0,2,0,1,0
DIX,ASP,2,0,0,0,0,0,0,0,0,0,0,0,0
DIX,BPP,5,0,0,0,0,0,0,0,0,0,0,0,0
DIX,CPF,23,0,0,0,0,0,0,0,0,0,0,2,0
DIX,CPP,5,0,0,0,0,1,0,1,0,0,0,0,0
DIX,CSV,27,0,0,0,0,0,0,0,0,1,0,0,0
DIX,DEM,2167,1,8,6,10,4,5,4,6,3,0,4,3
DIX,ECO,2,0,0,0,0,0,0,0,0,0,0,0,0
DIX,FFP,1,0,0,0,0,0,0,0,0,0,0,0,0
DIX,GRE,9,0,0,0,0,1,0,1,0,1,0,0,0
DIX,IND,174,1,0,0,1,1,0,1,0,1,1,1,0
DIX,LPF,17,0,0,0,0,0,0,0,0,0,0,0,0
DIX,NPA,1860,11,2,3,8,8,2,8,2,4,3,11,5
DIX,PSL,1,0,0,0,0,0,0,0,0,0,0,0,0
DIX,REP,7448,14,15,12,22,28,11,23,6,12,7,28,1
DUV,AMF,1213,82,67,0,1,71,34,17,11,105,64,14,30
DUV,ASP,552,9,6,0,0,8,3,1,2,13,6,3,5
DUV,BPP,849,11,11,0,0,18,9,4,2,19,13,3,7
DUV,CPF,1347,3,4,0,1,8,5,2,2,5,4,6,5
DUV,CPP,694,11,11,2,3,12,12,4,5,21,23,6,8
DUV,CSV,2460,12,10,4,6,16,13,3,9,11,9,5,19
DUV,DEM,273817,777,693,851,448,2023,1066,468,398,532,366,583,834
DUV,ECO,265,2,3,0,0,4,3,2,2,3,3,1,3
DUV,FFP,121,3,2,0,0,2,1,2,1,3,3,3,1
DUV,GRE,677,2,4,1,0,7,3,2,1,10,1,4,6
DUV,IND,15188,78,58,19,10,174,112,58,54,184,131,50,69
DUV,JEF,8,1,0,0,0,1,0,0,0,1,0,0,0
DUV,LPF,2774,6,7,5,4,40,16,13,9,23,21,8,13
DUV,MGT,4,0,0,0,0,0,0,0,0,0,0,0,0
DUV,NPA,166386,567,509,450,185,1175,621,333,276,494,337,314,489
DUV,PSL,154,0,0,0,0,2,1,0,0,3,6,1,1
DUV,REP,255565,641,618,692,446,1819,997,615,491,439,301,392,535
ESC,AMF,425,14,24,0,0,14,13,1,6,19,30,10,8
ESC,ASP,135,1,2,1,0,2,1,0,0,3,4,1,0
ESC,BPP,101,1,2,0,0,3,3,0,2,3,2,2,3
ESC,CPF,384,4,1,0,1,2,1,0,1,2,1,0,0
ESC,CPP,153,7,3,0,0,1,4,1,2,2,7,1,5
ESC,CSV,851,10,3,0,3,3,5,2,2,3,6,2,6
ESC,DEM,74427,220,193,107,218,381,318,83,73,135,146,102,243
ESC,ECO,71,2,1,0,0,1,1,0,0,1,2,0,0
ESC,FFP,26,1,0,0,0,1,1,1,0,0,2,0,1
ESC,GRE,215,3,1,0,0,4,2,1,1,3,1,1,0
ESC,IND,5115,33,35,4,14,64,42,24,17,55,59,16,38
ESC,JEF,2,0,0,0,0,0,0,0,0,0,1,0,0
ESC,LPF,1079,6,7,0,0,11,8,5,2,7,9,4,5
ESC,NPA,54440,235,188,40,142,265,199,82,62,129,143,85,188
ESC,PSL,106,1,1,0,0,2,4,0,1,3,3,1,0
ESC,REP,113878,386,338,132,406,650,479,187,162,135,148,129,323
FLA,AMF,202,11,10,0,0,7,9,5,6,12,12,5,6
FLA,ASP,67,1,1,0,0,4,1,0,1,0,1,0,1
FLA,BPP,138,2,1,0,0,6,3,2,2,1,5,1,5
FLA,CPF,220,1,0,0,1,5,1,0,1,1,2,0,0
FLA,CPP,105,2,4,0,0,5,1,2,1,2,1,0,2
FLA,CSV,601,3,5,2,0,13,6,1,5,2,2,2,2
FLA,DEM,27296,84,85,101,55,360,153,81,124,60,45,109,93
FLA,ECO,50,2,0,0,0,2,0,1,0,1,0,1,0
FLA,FFP,16,1,1,0,0,0,1,0,0,2,2,0,0
FLA,GRE,87,1,0,0,0,1,0,0,0,0,0,1,0
FLA,IND,2710,23,16,14,6,54,20,19,17,43,31,8,10
FLA,JEF,1,0,0,0,0,1,0,1,0,1,0,0,0
FLA,LPF,310,2,1,0,0,7,6,2,5,2,2,1,2
FLA,NPA,26500,82,78,61,37,311,146,75,121,74,64,130,105
FLA,PSL,14,0,0,0,0,0,1,0,1,0,0,0,0
FLA,REP,55039,221,222,152,95,779,282,215,215,107,72,140,205
FRA,AMF,8,0,1,0,0,0,0,0,0,0,0,0,0
FRA,ASP,4,0,0,0,0,0,0,0,0,0,0,1,0
FRA,BPP,2,0,0,0,0,0,0,0,0,0,0,0,0
FRA,CPF,16,0,0,0,0,0,0,0,0,0,0,0,1
FRA,CPP,4,0,0,0,0,0,0,0,0,0,1,1,0
FRA,CSV,42,0,0,0,0,0,0,0,0,0,0,0,1
FRA,DEM,2615,11,2,23,5,5,4,3,4,2,2,35,14
FRA,ECO,8,0,0,0,0,0,0,0,0,0,0,2,1
FRA,FFP,2,0,0,0,0,0,0,0,0,0,0,0,0
FRA,GRE,3,0,0,0,0,0,0,0,0,0,0,0,0
FRA,IND,224,0,0,1,1,2,0,1,0,3,0,9,3
FRA,JEF,1,0,0,0,0,0,0,0,0,0,0,0,0
FRA,LPF,23,0,0,0,0,0,0,0,0,0,0,1,0
FRA,NPA,1390,6,7,5,1,3,1,2,1,2,3,25,11
FRA,REP,4539,19,9,10,7,25,10,16,7,8,4,52,32
GAD,AMF,26,0,2,0,0,0,1,0,1,0,1,0,1
GAD,ASP,21,0,0,0,0,0,0,0,0,0,0,0,1
GAD,BPP,1,0,0,0,0,0,0,0,0,0,0,0,0
GAD,CPF,43,0,0,0,0,0,0,0,0,0,2,1,1
GAD,CPP,16,0,0,0,0,1,0,1,0,1,0,0,0
GAD,CSV,62,0,0,0,0,0,0,0,0,0,1,0,0
GAD,DEM,20604,31,25,44,47,67,36,55,28,9,4,112,38
GAD,ECO,6,0,0,0,0,0,0,0,0,0,0,0,0
GAD,FFP,3,0,0,0,0,0,0,0,0,0,0,0,0
GAD,GRE,14,0,0,0,0,1,0,1,0,0,0,0,0
GAD,IND,314,2,0,0,1,3,2,3,2,4,3,1,1
GAD,LPF,58,0,0,0,0,0,0,0,0,0,0,0,0
GAD,NPA,3731,8,12,2,1,24,7,23,5,8,9,37,9
GAD,PSL,3,0,0,0,0,0,0,0,0,1,0,1,0
GAD,REP,6522,16,13,8,8,46,13,43,13,8,11,15,5
GIL,AMF,15,0,3,0,0,0,0,0,0,1,0,0,0
GIL,ASP,13,0,1,0,0,1,0,1,0,1,0,1,0
GIL,BPP,5,0,1,0,0,0,0,0,0,0,0,0,0
GIL,CPF,28,0,0,1,0,0,0,0,0,0,0,0,0
GIL,CPP,7,0,0,0,0,0,0,0,0,0,1,1,0
GIL,CSV,50,0,1,0,0,1,0,1,0,1,0,1,0
GIL,DEM,1969,7,8,15,7,4,5,4,4,4,1,28,2
GIL,ECO,5,0,0,0,0,0,0,0,0,0,0,0,0
GIL,FFP,4,0,2,0,0,0,0,0,0,0,0,0,0
GIL,GRE,9,0,0,0,0,0,0,0,0,0,0,0,0
GIL,IND,342,3,2,2,0,1,1,1,0,12,8,6,0
GIL,JEF,1,0,0,0,0,0,0,0,0,0,0,0,0
GIL,LPF,52,0,0,0,0,0,0,0,0,0,1,0,0
GIL,NPA,1895,8,4,4,4,12,6,12,5,6,7,26,5
GIL,PSL,1,0,0,0,0,0,0,0,0,0,0,0,0
GIL,REP,9613,31,21,40,12,52,36,44,31,27,16,57,7
GLA,AMF,18,2,1,0,0,1,0,2,0,3,0,1,0
GLA,ASP,7,0,0,1,0,0,0,0,0,0,0,0,0
GLA,BPP,1,0,0,0,0,0,0,0,0,0,0,0,0
GLA,CPF,13,0,0,0,0,0,0,0,0,0,0,0,0
GLA,CPP,7,0,0,0,0,0,0,0,0,0,0,0,0
GLA,CSV,19,0,0,0,0,0,0,0,0,0,0,0,0
GLA,DEM,1873,7,8,5,5,0,3,0,3,1,2,3,4
GLA,ECO,1,0,0,0,0,0,0,0,0,0,0,0,0
GLA,FFP,1,0,0,0,1,0,0,0,0,0,0,0,0
GLA,GRE,5,0,0,0,0,0,0,0,0,0,0,0,0
GLA,IND,152,1,0,0,1,0,0,0,0,1,0,0,1
GLA,LPF,17,0,0,0,0,0,0,0,0,0,0,0,0
GLA,NPA,1509,5,7,0,4,3,2,3,3,3,1,1,6
GLA,PSL,1,0,0,0,0,0,0,0,0,0,0,0,0
GLA,REP,4491,16,9,7,9,16,17,18,17,8,4,3,6
GUL,AMF,14,0,0,0,0,0,2,0,1,0,1,0,0
GUL,ASP,5,0,0,0,0,0,0,0,0,0,0,0,0
GUL,BPP,3,0,1,0,0,0,0,0,0,0,0,0,0
GUL,CPF,22,0,0,0,0,1,0,0,0,1,0,0,0
GUL,CPP,7,0,0,0,0,0,0,0,0,0,0,0,0
GUL,CSV,46,0,0,2,0,1,1,1,0,1,0,1,0
GUL,DEM,2542,5,2,12,23,23,18,5,6,1,3,8,17
GUL,ECO,5,0,0,0,0,0,0,0,0,0,0,0,0
GUL,GRE,7,1,0,0,0,0,0,0,0,0,0,0,0
GUL,IND,266,3,0,2,1,1,2,0,0,2,3,1,2
GUL,LPF,36,0,1,1,0,0,0,0,0,0,0,0,0
GUL,NPA,1605,8,6,5,11,10,8,1,4,5,7,4,13
GUL,PSL,2,0,0,0,0,0,0,0,0,0,0,0,0
GUL,REP,7616,29,35,43,63,78,40,18,8,14,17,13,36
HAM,AMF,30,2,0,0,0,2,1,2,0,2,4,2,1
HAM,ASP,8,0,0,0,0,0,0,0,0,0,0,0,0
HAM,BPP,1,0,0,0,0,0,0,0,0,0,0,0,0
HAM,CPF,19,0,0,0,0,0,0,0,0,0,0,0,0
HAM,CPP,5,0,0,0,0,1,0,1,0,1,1,0,1
HAM,CSV,39,0,0,0,0,0,1,0,1,1,1,0,0
HAM,DEM,2975,4,7,9,12,11,7,8,7,2,7,19,1
HAM,FFP,2,0,0,0,0,0,0,0,0,0,1,0,0
HAM,GRE,7,0,0,0,0,0,0,0,0,0,0,0,0
HAM,IND,123,0,0,0,0,0,0,0,0,2,1,0,0
HAM,LPF,14,0,0,0,0,0,0,0,0,0,0,0,0
HAM,NPA,1177,7,3,2,1,2,5,1,5,2,2,8,0
HAM,PSL,3,0,0,0,0,0,0,0,0,0,0,1,0
HAM,REP,4085,14,8,15,5,10,22,4,19,10,20,8,8
HAR,AMF,48,7,2,0,0,4,1,2,1,5,0,1,0
HAR,ASP,16,0,1,1,1,0,0,0,0,1,1,0,0
HAR,BPP,11,0,0,0,0,0,0,0,0,0,0,0,0
HAR,CPF,36,0,0,0,0,0,0,0,0,0,0,0,0
HAR,CPP,11,0,0,0,0,0,0,0,0,1,0,0,0
HAR,CSV,81,1,0,0,1,0,0,0,0,1,1,0,0
HAR,DEM,3255,13,9,10,871,9,16,6,13,9,6,398,2
HAR,FFP,5,0,0,0,0,0,0,0,0,0,0,0,0
HAR,GRE,8,0,0,0,0,0,0,0,0,0,0,0,0
HAR,IND,160,1,0,0,10,3,2,3,2,4,4,6,1
HAR,LPF,33,1,0,0,6,1,0,1,0,0,0,5,0
HAR,NPA,2669,11,8,4,718,8,8,8,8,6,4,301,4
HAR,PSL,3,0,0,0,0,0,0,0,0,0,0,0,0
HAR,REP,7305,10,22,10,713,36,28,29,23,17,8,317,4
HEN,AMF,42,3,3,0,0,1,0,1,0,3,2,1,1
HEN,ASP,30,0,3,0,0,0,0,0,0,1,0,1,0
HEN,BPP,20,0,0,0,0,0,0,0,0,1,1,1,1
HEN,CPF,27,0,1,0,0,0,0,0,0,0,0,0,0
HEN,CPP,20,1,0,0,0,1,1,1,0,1,1,1,1
HEN,CSV,70,1,0,0,1,0,0,0,0,0,0,1,1
HEN,DEM,7418,25,18,13,9,16,18,14,16,17,11,86,19
HEN,ECO,10,0,1,0,0,0,0,0,0,0,0,0,0
HEN,FFP,5,0,1,0,0,0,0,0,0,0,0,1,0
HEN,GRE,14,0,0,0,0,1,0,1,0,1,0,0,0
HEN,IND,330,3,1,0,0,4,3,4,3,2,3,4,2
HEN,LPF,49,0,0,0,0,0,0,0,0,1,2,0,1
HEN,NPA,5206,26,15,12,0,29,11,27,9,11,13,61,11
HEN,PSL,6,0,0,0,0,0,0,0,0,0,1,0,1
HEN,REP,10659,36,30,12,10,58,27,52,25,19,16,105,18
HER,AMF,253,11,16,0,0,8,9,4,6,20,17,9,6
HER,ASP,97,1,3,1,0,1,2,0,1,1,1,0,0
HER,BPP,223,5,4,0,0,6,3,5,1,8,2,1,2
HER,CPF,261,1,0,1,0,1,0,1,0,0,0,1,0
HER,CPP,92,2,1,0,0,0,1,0,0,3,2,2,0
HER,CSV,614,2,2,3,0,4,6,3,4,3,5,6,0
HER,DEM,38901,90,77,250,73,206,125,139,89,67,47,263,42
HER,ECO,39,0,0,0,0,0,2,0,2,0,2,1,2
HER,FFP,25,0,0,0,0,0,0,0,0,1,0,1,0
HER,GRE,122,0,0,0,0,2,1,1,0,2,0,3,0
HER,IND,4272,11,13,11,7,50,21,38,11,55,25,47,7
HER,JEF,1,0,0,0,0,0,0,0,0,0,0,0,0
HER,LPF,443,0,2,2,2,7,0,5,0,4,2,7,0
HER,NPA,41451,121,111,125,51,200,157,152,105,142,66,258,68
HER,PSL,26,0,0,0,0,1,0,0,0,1,0,0,0
HER,REP,79736,201,213,317,109,458,310,308,186,147,98,496,75
HIG,AMF,146,3,10,0,0,8,4,7,2,16,15,5,3
HIG,ASP,72,3,1,0,0,2,1,1,0,1,1,0,1
HIG,BPP,159,3,3,0,0,4,1,4,0,5,5,4,4
HIG,CPF,147,0,1,0,0,1,0,1,0,1,0,0,0
HIG,CPP,53,1,0,0,0,1,2,1,1,2,2,1,1
HIG,CSV,375,2,0,0,0,1,2,1,2,3,4,0,1
HIG,DEM,17824,49,36,57,93,77,86,47,51,41,43,145,53
HIG,ECO,28,0,0,0,0,0,0,0,0,1,1,0,0
HIG,FFP,12,0,0,0,0,0,0,0,0,1,0,1,0
HIG,GRE,41,0,0,0,0,0,0,0,0,0,0,0,0
HIG,IND,1715,11,4,5,7,17,9,9,3,26,24,9,5
HIG,JEF,1,0,0,0,0,0,0,0,0,0,0,0,0
HIG,LPF,149,0,0,0,2,0,1,0,0,0,1,1,0
HIG,NPA,17176,45,41,38,82,85,66,57,43,48,38,125,33
HIG,PSL,8,0,0,0,0,1,0,1,0,1,0,0,0
HIG,REP,39722,116,101,79,177,211,189,132,125,84,89,126,65
HIL,AMF,1341,81,67,8,5,45,62,17,15,89,90,47,42
HIL,ASP,586,13,4,2,0,14,11,7,1,14,6,11,9
HIL,BPP,1518,26,27,2,4,20,33,7,5,26,27,30,46
HIL,CPF,1328,8,5,1,2,13,25,5,7,6,3,34,11
HIL,CPP,562,9,10,0,0,13,16,6,4,19,23,19,13
HIL,CSV,2551,22,8,2,4,26,43,18,8,18,18,58,36
HIL,DEM,346116,1038,932,1029,471,2720,3477,1019,523,735,497,5610,2367
HIL,ECO,293,2,1,2,0,4,3,4,0,4,4,6,7
HIL,FFP,150,3,0,0,0,1,2,0,0,4,3,3,2
HIL,GRE,855,7,3,1,0,12,15,5,2,10,5,21,9
HIL,IND,22608,129,104,53,21,319,346,155,68,338,223,384,233
HIL,JEF,9,0,0,0,0,0,0,0,0,1,2,0,0
HIL,LPF,3080,16,7,6,3,32,46,16,8,14,17,49,30
HIL,MGT,4,0,0,0,0,0,0,0,0,0,0,0,0
HIL,NPA,300578,1064,917,594,254,2180,2739,907,478,894,607,4829,2193
HIL,PSL,276,2,0,1,0,3,5,2,1,4,5,10,3
HIL,REP,334884,1112,1027,836,418,2771,3325,1186,668,789,627,3315,2078
HOL,AMF,15,2,2,0,0,0,0,0,0,1,0,0,0
HOL,ASP,7,1,0,0,0,0,0,0,0,0,0,0,0
HOL,CPF,31,0,0,0,0,0,0,0,0,0,0,0,0
HOL,CPP,10,0,0,0,0,0,0,0,0,0,0,0,0
HOL,CSV,35,1,0,0,0,1,0,1,0,0,0,0,0
HOL,DEM,1863,2,3,8,3,0,3,0,2,1,3,0,3
HOL,ECO,2,0,0,0,0,0,0,0,0,0,0,0,0
HOL,GRE,8,0,0,0,0,0,0,0,0,0,0,0,0
HOL,IND,169,2,0,1,0,0,0,0,0,0,1,0,1
HOL,LPF,28,0,0,0,0,0,0,0,0,1,0,0,0
HOL,NPA,1658,7,5,2,2,5,4,5,4,4,5,0,2
HOL,PSL,2,0,0,0,0,0,0,0,0,0,0,0,0
HOL,REP,8998,22,27,25,8,18,16,15,11,11,6,5,7
IND,AMF,216,13,12,0,1,8,6,5,4,14,15,6,4
IND,ASP,82,1,2,0,1,1,2,0,0,0,3,1,0
IND,BPP,59,0,5,0,0,0,2,0,2,0,3,0,1
IND,CPF,206,0,0,1,0,5,1,0,0,1,1,0,3
IND,CPP,80,1,1,0,1,0,3,0,2,4,3,1,1
IND,CSV,463,1,2,1,2,4,2,0,1,3,6,2,4
IND,DEM,30660,101,109,112,90,359,191,85,84,78,69,218,94
IND,ECO,35,0,1,0,0,0,0,0,0,0,0,0,0
IND,FFP,23,0,1,0,0,0,0,0,0,1,0,2,0
IND,GRE,93,0,0,0,0,3,1,2,1,2,1,1,3
IND,IND,4047,28,16,10,7,49,42,26,21,86,72,33,16
IND,JEF,2,0,0,0,0,0,0,0,0,0,0,0,0
IND,LPF,320,1,2,0,1,2,3,0,1,2,3,0,1
IND,NPA,30072,96,98,87,88,277,203,79,87,104,97,244,88
IND,PSL,11,0,0,0,0,1,0,0,0,0,0,0,0
IND,REP,67726,209,204,157,170,766,516,159,206,147,131,287,192
JAC,AMF,49,2,2,0,0,1,1,1,1,0,5,0,1
JAC,ASP,26,0,0,0,0,0,0,0,0,0,0,0,0
JAC,BPP,5,0,0,0,0,0,0,0,0,0,0,0,0
JAC,CPF,54,0,1,0,0,1,0,1,0,0,0,1,0
JAC,CPP,17,0,0,0,0,0,0,0,0,0,0,0,0
JAC,CSV,113,1,1,0,0,0,0,0,0,0,0,1,0
JAC,DEM,9863,19,25,35,17,32,18,19,7,17,15,86,15
JAC,ECO,6,0,0,0,0,0,0,0,0,1,1,1,0
JAC,FFP,3,0,0,0,0,0,0,0,0,0,0,0,0
JAC,GRE,16,0,0,0,0,0,0,0,0,0,0,0,0
JAC,IND,343,4,1,0,1,2,1,3,1,6,3,2,0
JAC,LPF,55,0,0,0,0,0,0,0,0,1,1,0,0
JAC,NPA,3669,22,13,10,2,14,11,11,4,10,8,43,3
JAC,PSL,8,0,0,0,0,0,1,0,1,0,1,0,1
JAC,REP,17626,47,40,57,31,94,44,46,31,45,30,77,17
JEF,AMF,19,4,0,0,0,2,1,2,0,2,2,0,1
JEF,ASP,4,0,0,0,0,0,1,0,1,0,1,0,1
JEF,BPP,1,0,0,0,0,0,0,0,0,0,0,0,0
JEF,CPF,10,0,0,0,0,0,0,0,0,0,0,0,0
JEF,CPP,3,0,0,0,0,0,0,0,0,0,1,0,1
JEF,CSV,16,0,0,0,0,0,0,0,0,0,0,0,0
JEF,DEM,4119,7,7,11,6,17,5,16,5,6,2,30,2
JEF,ECO,1,0,0,0,0,0,0,0,0,0,0,0,0
JEF,FFP,3,0,2,0,0,0,0,0,0,0,0,1,0
JEF,GRE,1,0,0,0,0,0,0,0,0,0,0,0,0
JEF,IND,167,3,0,0,0,2,1,2,1,3,1,4,0
JEF,JEF,1,0,0,0,0,0,0,0,0,0,0,0,0
JEF,LPF,20,0,1,0,0,1,1,0,1,1,0,0,0
JEF,NPA,1307,5,4,2,3,14,9,15,9,6,5,20,1
JEF,PSL,1,0,0,0,0,0,0,0,0,0,0,0,0
JEF,REP,4883,10,9,5,7,36,17,34,15,10,7,43,2
LAF,CPF,3,0,0,0,0,0,0,0,0,0,0,0,0
LAF,CSV,7,0,0,0,0,0,0,0,0,0,0,0,0
LAF,DEM,818,1,0,0,1,3,1,2,1,1,1,1,5
LAF,GRE,1,0,0,0,0,0,0,0,0,0,0,0,0
LAF,IND,59,0,0,0,0,0,0,0,0,0,0,0,0
LAF,LPF,7,0,0,0,0,0,0,0,0,0,0,0,0
LAF,NPA,383,0,1,1,0,2,1,2,1,1,2,1,0
LAF,REP,3563,6,7,11,1,20,9,20,8,3,3,0,4
LAK,AMF,304,16,15,0,0,14,9,12,5,17,18,1,9
LAK,ASP,143,1,1,0,0,1,5,1,4,0,5,0,1
LAK,BPP,481,7,8,1,0,11,6,10,4,15,9,6,5
LAK,CPF,447,2,1,0,0,3,4,3,3,2,4,2,1
LAK,CPP,152,6,2,1,0,3,1,3,1,5,3,2,0
LAK,CSV,1043,4,4,3,0,13,6,10,6,5,7,3,2
LAK,DEM,83334,234,204,149,138,621,439,478,321,176,149,314,76
LAK,ECO,102,1,0,0,0,1,0,1,0,1,0,0,0
LAK,FFP,31,2,3,0,0,0,0,0,0,0,1,0,1
LAK,GRE,249,5,2,0,0,6,1,4,1,7,5,4,0
LAK,IND,7530,58,26,5,6,98,75,69,52,124,91,27,15
LAK,JEF,1,0,0,0,0,0,0,0,0,0,0,0,0
LAK,LPF,880,3,3,0,1,11,7,7,4,7,8,2,2
LAK,MGT,1,0,0,0,0,0,0,0,0,0,0,0,0
LAK,NPA,85512,317,254,112,101,599,389,466,298,229,164,320,86
LAK,PSL,49,0,1,0,0,0,1,0,1,0,1,1,0
LAK,REP,147268,436,433,239,220,1028,724,767,514,226,210,272,99
LEE,AMF,801,42,34,1,1,27,24,6,8,49,46,14,18
LEE,ASP,301,4,7,0,1,9,1,1,0,6,4,3,4
LEE,BPP,510,7,9,1,1,19,9,4,3,13,13,11,7
LEE,CPF,762,3,5,4,2,15,2,1,1,2,1,0,15
LEE,CPP,293,7,10,0,0,5,4,2,1,6,9,3,10
LEE,CSV,1788,14,11,3,2,47,10,5,5,13,18,4,31
LEE,DEM,129681,423,407,252,485,1566,525,254,189,366,520,224,1350
LEE,ECO,178,1,3,2,0,3,2,2,1,5,3,1,5
LEE,FFP,65,0,3,0,0,2,1,1,0,2,1,2,1
LEE,GRE,386,7,1,0,0,5,2,2,0,2,2,2,7
LEE,IND,13453,96,86,8,35,245,71,41,31,198,251,28,158
LEE,JEF,5,0,0,0,0,0,0,0,0,0,0,0,0
LEE,LPF,1316,8,4,0,3,29,7,5,1,12,12,5,19
LEE,MGT,3,0,0,0,0,0,0,0,0,0,0,0,0
LEE,NPA,162157,561,583,247,426,2031,562,303,188,434,618,257,1521
LEE,PSL,78,2,0,0,0,2,2,0,0,1,0,1,1
LEE,REP,270380,1117,1066,525,899,3454,1114,584,387,541,705,299,2753
LEO,AMF,232,12,11,0,0,14,6,5,1,22,19,4,5
LEO,ASP,82,3,0,0,0,3,1,0,1,0,2,0,1
LEO,BPP,74,2,0,0,0,4,0,0,0,1,2,0,0
LEO,CPF,280,2,3,1,2,8,0,0,0,5,1,2,4
LEO,CPP,119,3,2,1,0,12,4,2,0,7,5,3,3
LEO,CSV,427,4,4,1,0,10,2,0,1,0,4,0,6
LEO,DEM,106277,231,197,166,199,2244,413,229,135,174,116,268,484
LEO,ECO,53,1,1,0,0,2,1,0,0,1,1,1,2
LEO,FFP,33,1,0,0,0,1,1,0,0,2,1,0,0
LEO,GRE,192,2,0,0,0,7,3,3,1,2,2,2,3
LEO,IND,4336,16,12,6,11,144,18,24,8,75,41,9,30
LEO,JEF,1,0,0,0,0,1,0,0,0,0,0,0,0
LEO,LPF,660,1,3,2,2,16,5,2,3,4,2,1,4
LEO,NPA,47407,156,132,81,73,879,163,107,73,180,124,141,220
LEO,PSL,58,1,0,0,0,1,0,0,0,0,0,0,0
LEO,REP,61418,126,116,104,127,1147,286,158,106,148,117,73,285
LEV,AMF,84,3,3,0,0,3,2,1,0,4,3,1,1
LEV,ASP,36,0,0,0,0,1,1,0,1,1,2,1,2
LEV,BPP,39,1,0,0,0,0,1,0,0,0,1,0,1
LEV,CPF,75,0,0,1,0,1,0,0,0,1,0,2,0
LEV,CPP,23,0,1,0,0,1,1,1,0,1,1,1,1
LEV,CSV,146,0,0,0,0,1,1,1,1,0,2,1,0
LEV,DEM,7592,15,26,21,18,82,50,36,17,18,14,68,21
LEV,ECO,14,0,0,0,0,0,1,0,0,0,1,1,0
LEV,FFP,6,0,0,0,0,1,0,1,0,1,0,1,0
LEV,GRE,21,0,0,0,0,1,0,1,0,1,0,1,0
LEV,IND,739,4,3,1,1,10,13,5,4,7,16,4,4
LEV,LPF,170,0,0,0,1,1,2,1,1,0,1,4,0
LEV,NPA,5745,19,14,13,3,52,28,33,12,20,15,81,11
LEV,PSL,3,0,0,0,0,0,0,0,0,0,0,0,0
LEV,REP,20536,59,43,45,22,221,181,110,58,50,45,146,42
LIB,ASP,1,0,0,0,0,0,0,0,0,0,0,0,0
LIB,CPF,3,0,0,0,0,0,0,0,0,0,0,0,0
LIB,CPP,2,0,0,0,0,0,0,0,0,0,0,0,0
LIB,CSV,10,0,0,1,0,0,0,0,0,0,0,0,0
LIB,DEM,1402,2,3,8,3,4,1,3,1,1,1,1,0
LIB,GRE,1,0,0,0,0,0,0,0,0,0,0,0,0
LIB,LPF,7,0,0,0,0,0,0,0,0,0,0,0,0
LIB,NPA,490,3,1,0,0,4,3,4,3,2,1,0,1
LIB,REP,2882,5,3,2,1,20,5,14,4,7,5,1,1
MAD,AMF,4,0,0,0,0,0,0,0,0,1,1,0,0
MAD,ASP,2,0,0,0,0,0,0,0,0,0,0,0,0
MAD,BPP,3,0,0,0,0,0,0,0,0,0,0,0,0
MAD,CPF,15,0,0,0,0,1,0,1,0,1,0,1,0
MAD,CPP,3,0,0,0,0,0,0,0,0,0,0,0,0
MAD,CSV,11,0,0,0,0,0,0,0,0,0,0,0,0
MAD,DEM,5181,13,3,11,17,61,7,10,5,4,2,52,10
MAD,FFP,1,0,0,0,0,0,0,0,0,0,0,0,0
MAD,GRE,5,0,0,0,0,0,0,0,0,0,0,0,0
MAD,IND,87,0,0,0,1,1,1,0,1,1,0,0,0
MAD,LPF,22,0,0,0,0,0,0,0,0,0,0,0,0
MAD,NPA,1743,9,4,1,8,26,5,12,5,9,4,17,3
MAD,PSL,1,0,0,0,0,0,0,0,0,0,0,0,0
MAD,REP,5921,10,11,9,19,77,18,27,16,13,4,9,2
MAN,AMF,267,16,16,0,0,11,12,4,5,8,15,5,4
MAN,ASP,111,5,3,0,0,1,2,0,2,1,2,0,0
MAN,BPP,157,1,4,0,0,9,4,1,2,5,5,1,3
MAN,CPF,266,0,1,0,1,6,0,0,0,0,0,1,0
MAN,CPP,128,4,5,0,0,3,1,1,1,3,2,1,1
MAN,CSV,809,6,4,0,0,39,1,7,1,12,1,4,2
MAN,DEM,81004,240,221,201,415,1691,369,287,170,188,142,138,240
MAN,ECO,67,2,0,0,0,2,0,0,0,0,0,0,0
MAN,FFP,27,0,1,0,0,1,1,0,0,1,2,0,0
MAN,GRE,206,0,1,0,0,8,3,2,1,1,3,1,2
MAN,IND,7739,25,36,14,28,284,60,56,28,110,69,28,20
MAN,JEF,4,0,0,0,0,0,0,0,0,2,0,0,0
MAN,LPF,850,2,3,0,5,27,6,1,4,5,2,2,3
MAN,MGT,1,0,0,0,0,1,0,0,0,1,0,0,0
MAN,NPA,80773,288,247,127,275,1782,399,274,200,272,201,171,195
MAN,PSL,37,0,0,0,0,1,0,0,0,0,0,1,0
MAN,REP,153109,522,534,270,620,3687,775,569,378,261,207,213,313
MON,AMF,122,10,6,0,0,1,1,1,1,7,6,3,4
MON,ASP,47,1,1,1,0,0,1,0,1,0,2,0,0
MON,BPP,36,1,0,0,0,0,0,0,0,0,0,3,0
MON,CPF,130,1,1,0,0,1,0,0,0,2,1,1,2
MON,CPP,53,0,1,0,0,0,0,0,0,1,2,1,0
MON,CSV,269,1,2,0,0,1,1,1,1,3,1,2,3
MON,DEM,16807,63,71,27,27,43,31,33,24,20,24,76,115
MON,ECO,47,1,1,1,0,1,0,1,0,1,1,1,0
MON,FFP,9,0,0,0,0,0,1,0,1,1,1,0,0
MON,GRE,73,0,0,1,0,1,3,1,2,1,3,0,1
MON,IND,1510,11,11,3,1,10,8,6,3,14,9,6,15
MON,JEF,2,0,0,0,0,0,0,0,0,0,0,0,0
MON,LPF,240,1,3,0,2,3,1,0,1,5,4,3,1
MON,NPA,15288,48,74,22,17,57,29,32,24,41,39,77,102
MON,PSL,10,0,0,0,0,0,0,0,0,0,0,0,1
MON,REP,28769,126,118,43,34,110,93,79,69,39,42,136,195
MRN,AMF,459,19,32,1,0,16,17,10,13,26,24,12,8
MRN,ASP,188,2,2,0,0,3,0,2,0,2,1,0,2
MRN,BPP,614,11,15,0,1,19,13,5,5,14,14,8,5
MRN,CPF,544,4,1,0,0,5,1,3,1,3,2,2,7
MRN,CPP,207,2,3,1,0,2,4,0,2,1,3,1,5
MRN,CSV,1142,2,4,0,6,10,4,3,2,3,10,10,10
MRN,DEM,82557,231,233,186,292,620,303,301,186,177,121,650,409
MRN,ECO,114,0,1,0,0,2,1,2,1,2,2,2,0
MRN,FFP,41,2,0,0,1,1,0,1,0,1,0,0,0
MRN,GRE,211,2,1,0,1,1,0,1,0,1,0,2,0
MRN,IND,7052,42,34,10,14,77,44,40,23,69,64,47,70
MRN,JEF,3,0,0,0,0,0,0,0,0,0,1,0,0
MRN,LPF,941,10,0,2,4,6,1,6,1,8,5,13,7
MRN,NPA,68634,225,210,113,188,549,294,275,203,203,140,718,398
MRN,PSL,49,0,0,0,0,0,0,0,0,0,0,0,0
MRN,REP,152839,476,491,314,551,1177,593,533,363,238,253,605,757
MRT,AMF,169,8,9,0,0,9,8,3,3,14,17,3,3
MRT,ASP,71,2,0,0,0,3,3,0,1,2,3,0,0
MRT,BPP,41,0,0,0,0,1,2,1,2,2,3,1,0
MRT,CPF,204,0,1,0,0,1,4,0,3,0,1,0,0
MRT,CPP,76,0,1,0,0,2,1,1,1,5,2,1,0
MRT,CSV,462,1,1,0,2,11,6,5,3,4,0,2,0
MRT,DEM,27234,59,89,64,90,229,250,93,124,104,84,99,25
MRT,ECO,47,2,1,0,0,0,0,0,0,0,1,0,0
MRT,FFP,15,0,0,0,0,1,0,1,0,2,1,1,0
MRT,GRE,77,0,0,0,0,0,2,0,1,1,0,3,0
MRT,IND,3995,18,22,7,6,64,77,23,40,81,56,18,6
MRT,LPF,302,4,1,0,1,5,4,2,3,4,2,0,0
MRT,MGT,3,0,0,0,0,0,0,0,0,0,0,0,0
MRT,NPA,28790,70,84,45,51,234,257,100,141,95,73,129,26
MRT,PSL,12,0,0,0,0,1,0,0,0,1,0,0,0
MRT,REP,67772,188,172,139,158,625,677,251,359,148,110,179,48
NAS,AMF,121,6,5,0,1,6,2,3,1,15,5,2,3
NAS,ASP,30,0,1,0,0,0,1,0,1,1,1,1,0
NAS,BPP,33,0,0,0,0,0,0,0,0,0,0,0,0
NAS,CPF,134,1,1,0,1,0,0,0,0,0,1,0,0
NAS,CPP,44,0,1,0,0,0,1,0,1,1,3,0,0
NAS,CSV,302,4,2,0,0,0,3,0,1,4,3,0,0
NAS,DEM,15231,45,45,36,36,61,66,45,24,45,42,55,10
NAS,ECO,22,0,0,0,0,0,0,0,0,0,0,0,0
NAS,FFP,14,0,0,0,0,0,0,0,0,0,0,0,0
NAS,GRE,62,0,1,0,0,0,1,0,1,1,1,1,0
NAS,IND,2300,15,13,0,2,14,19,10,5,33,31,5,2
NAS,LPF,397,2,3,0,1,1,1,1,0,5,1,3,0
NAS,NPA,17481,47,60,18,25,58,94,37,31,47,47,63,12
NAS,PSL,14,0,0,0,0,0,0,0,0,0,0,1,0
NAS,REP,52369,175,164,64,81,198,278,120,70,72,59,133,40
OKA,AMF,251,13,18,0,0,15,11,2,2,19,15,3,5
OKA,ASP,141,4,2,1,0,3,3,1,0,1,2,0,3
OKA,BPP,122,4,3,0,0,2,1,1,0,1,1,0,1
OKA,CPF,333,3,3,0,1,5,2,0,0,2,1,3,6
OKA,CPP,112,4,2,0,0,4,5,4,1,4,4,3,1
OKA,CSV,715,8,5,2,3,17,11,5,2,13,6,4,10
OKA,DEM,29049,168,139,50,80,269,251,48,37,70,58,65,238
OKA,ECO,55,4,1,0,0,1,0,0,0,2,0,0,0
OKA,FFP,25,3,0,0,0,0,0,0,0,0,0,0,0
OKA,GRE,117,0,0,0,0,3,4,2,0,0,1,1,1
OKA,IND,3691,36,17,1,4,54,60,7,11,43,29,7,30
OKA,JEF,1,0,0,0,0,0,0,0,0,0,0,0,0
OKA,LPF,864,5,3,1,1,8,12,3,1,5,3,3,11
OKA,NPA,40046,192,177,46,56,264,325,68,57,96,76,91,365
OKA,PSL,29,0,1,0,0,0,0,0,0,0,0,0,0
OKA,REP,96101,385,338,115,178,714,772,136,123,103,87,159,618
OKE,AMF,58,2,1,0,0,3,3,2,3,3,5,4,0
OKE,ASP,21,0,0,0,0,0,1,0,1,0,0,0,0
OKE,BPP,29,1,0,0,0,2,0,0,0,2,0,2,0
OKE,CPF,88,0,2,0,0,0,1,0,1,0,1,0,1
OKE,CPP,23,0,0,0,0,0,0,0,0,0,0,2,0
OKE,CSV,122,1,0,0,0,1,2,1,2,1,0,1,0
OKE,DEM,5961,13,15,12,22,15,17,14,14,13,6,69,10
OKE,ECO,14,0,0,0,0,1,0,1,0,0,0,0,0
OKE,FFP,4,0,0,0,0,1,0,1,0,1,0,0,0
OKE,GRE,15,0,0,0,0,0,0,0,0,0,0,0,0
OKE,IND,567,4,2,2,1,0,3,0,3,4,3,9,2
OKE,LPF,46,1,0,0,0,0,0,0,0,2,1,4,0
OKE,NPA,4776,12,15,8,5,19,18,16,13,16,16,53,9
OKE,PSL,5,0,0,0,0,0,0,0,0,0,0,0,0
OKE,REP,14076,33,33,23,35,66,67,50,57,28,13,117,16
ORA,AMF,1569,86,75,0,2,68,46,23,16,139,113,27,29
ORA,ASP,764,13,6,0,0,18,12,7,3,22,15,2,9
ORA,BPP,2909,60,40,1,2,72,50,32,22,90,72,26,71
ORA,CPF,1404,8,6,3,1,11,11,8,2,2,8,0,24
ORA,CPP,833,15,17,2,3,30,16,13,6,41,38,7,15
ORA,CSV,2846,17,12,6,2,49,19,24,8,23,12,4,41
ORA,DEM,373574,1060,912,711,436,3530,2835,1550,916,910,601,662,2796
ORA,ECO,367,3,1,0,0,5,3,2,1,7,4,2,7
ORA,FFP,192,8,1,0,2,10,4,5,1,12,6,1,4
ORA,GRE,875,4,3,1,0,15,9,7,5,12,4,2,12
ORA,IND,19897,89,97,22,18,267,254,121,102,273,203,53,190
ORA,JEF,5,0,0,0,0,0,0,0,0,0,0,0,0
ORA,LPF,2581,10,10,1,3,29,30,15,8,24,16,5,24
ORA,MGT,5,0,0,0,0,1,0,0,0,1,0,0,0
ORA,NPA,296016,921,838,467,242,2465,1950,1142,696,919,625,389,2350
ORA,PSL,250,2,3,0,0,4,6,2,2,4,2,2,1
ORA,REP,250041,790,690,531,308,2147,1754,1114,677,739,501,348,1585
ORA,WPF,2,0,0,0,0,0,2,0,2,0,2,0,1
OSC,AMF,542,21,23,1,0,21,29,9,16,40,50,13,18
OSC,ASP,296,7,4,0,1,3,6,1,4,2,7,2,10
OSC,BPP,2148,30,33,2,0,54,61,25,30,50,64,28,93
OSC,CPF,505,2,2,1,0,4,4,2,2,0,2,1,16
OSC,CPP,271,3,1,0,0,7,4,5,4,10,8,2,8
OSC,CSV,1113,8,5,1,2,14,20,5,16,15,8,4,34
OSC,DEM,107165,408,365,140,147,851,1015,432,702,307,277,550,1545
OSC,ECO,135,4,3,0,0,0,3,0,1,1,3,1,4
OSC,FFP,34,0,3,0,0,1,1,0,1,1,2,1,3
OSC,GRE,221,3,0,0,0,6,2,3,2,3,4,1,6
OSC,IND,4849,31,28,4,10,65,84,42,63,62,51,19,103
OSC,JEF,1,0,0,0,0,0,0,0,0,0,0,0,0
OSC,LPF,564,3,4,1,0,8,8,4,7,4,3,3,9
OSC,MGT,1,0,0,0,0,0,0,0,0,0,0,0,0
OSC,NPA,105355,400,340,104,104,822,911,427,604,259,244,618,1518
OSC,PSL,61,1,0,0,0,1,2,1,2,1,1,2,0
OSC,REP,80518,397,330,88,143,791,840,400,529,337,240,337,1339
OSC,WPF,1,0,0,0,0,0,1,0,1,0,1,0,0
PAL,AMF,1065,52,51,1,3,39,36,14,10,97,79,25,22
PAL,ASP,432,5,7,0,0,11,6,1,2,10,11,2,7
PAL,BPP,529,14,9,0,2,10,5,3,1,14,11,4,12
PAL,CPF,1215,4,7,2,0,7,6,1,3,8,5,4,16
PAL,CPP,545,17,15,0,0,14,6,2,2,30,23,5,13
PAL,CSV,2363,19,15,2,0,30,10,4,3,26,11,11,47
PAL,DEM,392776,1036,933,830,574,2475,1494,468,417,718,566,1454,3798
PAL,ECO,296,1,2,0,0,6,2,1,0,6,5,6,7
PAL,FFP,91,2,1,1,1,2,1,1,0,3,0,1,3
PAL,GRE,646,2,4,0,1,5,4,0,0,8,4,5,10
PAL,IND,29627,149,165,23,19,325,182,69,53,435,338,83,352
PAL,JEF,8,0,1,0,0,0,2,0,1,0,2,0,0
PAL,LPF,2111,8,5,2,1,21,18,7,6,16,21,3,20
PAL,MGT,3,0,0,0,0,0,0,0,0,0,0,0,0
PAL,NPA,316000,1060,1036,372,334,1954,1157,409,354,1046,751,1199,2760
PAL,PSL,128,1,1,0,0,5,1,2,0,7,2,1,2
PAL,REP,344811,1347,1303,627,426,2860,1627,632,549,1067,784,617,3039
PAL,WPF,1,0,0,0,0,0,0,0,0,0,1,0,0
PAS,AMF,826,32,30,2,1,45,37,27,19,80,64,22,26
PAS,ASP,342,4,4,0,0,4,5,3,3,6,6,3,6
PAS,BPP,773,18,16,0,1,13,10,8,8,19,7,8,15
PAS,CPF,822,3,3,1,0,7,2,7,2,3,1,1,11
PAS,CPP,388,10,11,0,1,7,8,2,6,12,11,3,7
PAS,CSV,1988,11,12,1,3,11,13,9,10,7,7,1,21
PAS,DEM,120946,350,339,274,170,868,665,651,500,299,216,195,802
PAS,ECO,155,1,2,0,0,3,3,1,2,5,3,1,1
PAS,FFP,70,0,1,0,0,1,0,0,0,2,4,0,2
PAS,GRE,409,1,1,0,1,3,2,3,1,2,3,3,10
PAS,IND,12222,59,46,26,9,130,116,85,75,161,137,26,93
PAS,JEF,5,1,0,0,0,1,0,1,0,1,0,1,0
PAS,LPF,1505,2,2,4,1,20,14,16,8,12,8,3,15
PAS,MGT,1,0,0,0,0,0,0,0,0,0,0,0,0
PAS,NPA,132836,436,371,214,121,855,684,654,476,363,297,209,827
PAS,PSL,93,1,0,0,0,1,2,0,2,1,1,0,2
PAS,REP,202880,645,609,438,260,1376,1067,970,707,434,408,203,1376
PIN,AMF,807,31,42,0,1,41,16,14,5,80,50,25,14
PIN,ASP,305,4,2,0,0,10,3,2,3,5,5,1,5
PIN,BPP,404,3,5,0,1,14,6,5,4,6,10,5,8
PIN,CPF,882,3,2,2,1,21,7,3,6,5,4,4,21
PIN,CPP,400,11,12,0,0,15,6,2,1,12,14,5,14
PIN,CSV,1693,9,6,4,0,49,6,2,1,14,15,8,22
PIN,DEM,233287,552,536,507,841,4024,937,487,403,541,400,1414,2175
PIN,ECO,208,2,4,0,1,8,2,0,2,4,3,3,1
PIN,FFP,102,1,2,0,0,5,1,1,0,5,3,1,2
PIN,GRE,736,4,5,2,1,21,7,2,2,4,5,7,21
PIN,IND,17453,82,69,18,54,461,128,80,62,328,244,115,209
PIN,JEF,2,0,0,0,0,0,0,0,0,0,0,0,0
PIN,LPF,2644,11,9,2,6,44,12,3,7,25,16,18,41
PIN,MGT,3,0,0,0,0,0,0,0,0,0,1,0,0
PIN,NPA,205720,557,570,271,532,3273,801,354,366,581,467,1373,1845
PIN,PSL,170,0,1,0,1,3,2,1,2,2,2,0,5
PIN,REP,272272,794,784,566,780,4501,1272,576,569,620,512,775,2199
POL,AMF,736,42,54,2,0,22,22,9,8,45,32,12,8
POL,ASP,342,6,7,0,0,1,10,1,0,0,2,0,0
POL,BPP,1971,41,34,3,3,36,62,18,20,39,35,19,14
POL,CPF,882,5,4,1,1,2,21,2,2,3,3,2,1
POL,CPP,372,9,8,0,0,6,8,2,3,13,6,1,1
POL,CSV,1693,14,4,0,3,10,42,7,9,14,12,2,1
POL,DEM,164045,560,483,230,196,1066,2174,654,414,354,268,319,208
POL,ECO,164,5,1,1,0,1,4,1,0,1,1,0,1
POL,FFP,98,2,3,0,0,0,2,0,0,5,0,2,0
POL,GRE,394,5,3,0,0,4,10,2,1,2,3,4,2
POL,IND,12239,73,52,13,8,121,245,71,47,153,109,36,24
POL,JEF,2,0,0,0,0,0,0,0,0,0,0,0,0
POL,LPF,1555,6,2,1,1,8,23,4,2,14,6,2,4
POL,MGT,1,0,0,0,0,1,0,1,0,1,0,1,0
POL,NPA,154662,633,516,152,114,954,2224,562,384,482,375,320,212
POL,PSL,109,1,0,0,0,4,1,3,0,2,0,1,0
POL,REP,215464,658,626,320,292,1360,2970,697,439,465,412,254,182
POL,WPF,1,0,0,0,0,0,0,0,0,0,1,0,0
PUT,AMF,91,7,3,0,0,2,2,2,2,7,6,2,2
PUT,ASP,37,0,1,0,0,1,0,1,0,0,0,0,0
PUT,BPP,31,1,0,0,0,1,0,1,0,2,0,1,0
PUT,CPF,109,1,1,0,0,0,0,0,0,0,0,0,0
PUT,CPP,41,3,2,0,0,3,1,3,0,2,2,2,0
PUT,CSV,210,0,0,0,0,0,2,0,1,1,3,1,1
PUT,DEM,14240,29,27,45,21,54,30,37,21,30,20,93,40
PUT,ECO,20,0,0,0,0,0,0,0,0,0,0,0,0
PUT,FFP,3,1,0,0,0,0,0,0,0,0,0,0,0
PUT,GRE,50,1,1,0,0,0,0,0,0,0,0,0,0
PUT,IND,884,5,2,3,1,9,10,8,9,9,13,5,5
PUT,JEF,2,0,0,0,0,0,0,0,0,0,0,0,0
PUT,LPF,133,3,0,1,0,0,0,0,0,1,0,2,0
PUT,NPA,10613,36,33,19,17,50,31,39,28,32,13,91,14
PUT,PSL,7,1,0,0,0,0,1,0,1,0,0,0,0
PUT,REP,29185,81,59,63,44,161,117,101,87,96,63,118,63
SAN,AMF,228,17,13,0,1,6,3,0,1,19,9,9,3
SAN,ASP,89,2,2,0,0,1,1,0,1,2,2,2,2
SAN,BPP,57,2,1,0,0,0,1,0,1,0,1,0,1
SAN,CPF,294,1,3,0,1,2,1,1,1,1,0,7,0
SAN,CPP,91,3,5,0,0,2,0,0,0,3,0,0,0
SAN,CSV,609,4,2,1,0,2,1,2,0,1,1,12,0
SAN,DEM,25823,98,88,49,42,95,77,63,52,47,55,305,23
SAN,ECO,55,1,0,0,0,0,1,0,1,0,1,0,1
SAN,FFP,12,0,1,0,0,0,0,0,0,0,0,0,0
SAN,GRE,116,1,0,0,0,0,0,0,0,1,0,4,0
SAN,IND,3721,21,18,5,6,12,21,6,13,35,29,50,3
SAN,JEF,1,0,0,0,0,0,0,0,0,0,0,0,0
SAN,LPF,909,9,3,1,2,1,2,0,1,3,4,12,1
SAN,MGT,1,0,0,0,0,0,0,0,0,0,0,0,0
SAN,NPA,35407,138,149,60,37,102,90,60,58,93,56,412,35
SAN,PSL,22,0,0,0,0,0,0,0,0,0,0,0,0
SAN,REP,103640,390,353,160,134,400,329,220,194,111,111,987,65
SAN,WPF,2,0,0,0,0,0,1,0,1,0,2,0,1
SAR,AMF,451,16,16,1,0,18,9,6,2,45,29,8,8
SAR,ASP,144,2,4,0,0,4,1,4,0,4,3,1,0
SAR,BPP,129,2,2,1,0,7,0,7,0,4,2,5,3
SAR,CPF,396,2,3,2,1,5,1,5,0,2,1,4,3
SAR,CPP,194,5,2,0,0,3,1,3,1,8,5,4,5
SAR,CSV,955,8,10,4,1,24,8,18,3,25,15,22,7
SAR,DEM,97354,319,269,621,191,755,326,483,122,399,285,1046,172
SAR,ECO,102,2,1,0,0,2,1,2,0,2,4,3,2
SAR,FFP,37,0,1,0,0,2,1,0,0,3,2,0,0
SAR,GRE,323,1,2,2,0,8,2,3,1,6,0,5,0
SAR,IND,9363,46,55,58,14,144,71,89,31,225,160,109,25
SAR,JEF,1,0,0,0,0,0,0,0,0,0,0,0,0
SAR,LPF,1021,11,7,4,1,14,8,6,3,10,6,16,2
SAR,NPA,94708,336,303,421,140,796,349,535,172,427,317,1051,209
SAR,PSL,48,0,0,0,0,0,1,0,1,0,1,0,0
SAR,REP,180592,763,694,827,287,1642,752,1040,317,506,356,1564,346
SEM,AMF,466,22,22,0,1,19,12,12,10,40,28,11,10
SEM,ASP,199,2,1,1,0,6,4,2,1,4,6,1,2
SEM,BPP,818,10,12,0,0,24,20,7,15,18,22,11,11
SEM,CPF,486,2,1,0,0,8,7,2,6,1,3,6,4
SEM,CPP,246,4,6,0,0,8,5,1,1,14,7,3,2
SEM,CSV,1132,8,9,0,0,17,8,4,6,13,8,7,14
SEM,DEM,116713,283,276,153,164,1273,747,417,406,276,237,591,721
SEM,ECO,128,3,1,0,0,1,3,1,0,2,3,2,0
SEM,FFP,49,0,0,0,0,1,1,1,0,2,2,0,0
SEM,GRE,364,3,3,0,0,13,3,5,1,6,7,3,7
SEM,IND,8870,23,33,9,7,171,104,58,59,117,104,38,67
SEM,LPF,1330,1,3,0,4,17,5,5,5,9,6,6,14
SEM,MGT,2,0,0,0,0,0,0,0,0,0,0,0,0
SEM,NPA,109110,292,222,87,94,1166,592,375,354,278,250,443,651
SEM,PSL,99,0,0,0,0,1,0,1,0,4,2,0,0
SEM,REP,127625,307,247,174,150,1303,825,377,439,270,241,329,664
SEM,WPF,1,0,0,0,0,0,1,0,1,0,1,0,0
STJ,AMF,278,5,10,0,0,10,12,5,4,17,25,7,1
STJ,ASP,101,3,1,0,0,2,1,1,0,2,2,0,1
STJ,BPP,93,2,3,0,1,2,0,2,0,4,1,1,1
STJ,CPF,261,2,1,0,0,1,3,0,1,0,2,0,4
STJ,CPP,131,0,2,0,0,1,3,1,4,4,5,0,0
STJ,CSV,774,7,5,0,0,15,4,4,3,4,6,2,0
STJ,DEM,54852,199,216,98,86,516,248,189,121,199,111,168,94
STJ,ECO,77,0,0,0,0,2,1,0,0,2,1,1,0
STJ,FFP,32,1,1,0,0,0,1,0,0,0,1,1,0
STJ,GRE,161,1,2,0,0,1,0,0,0,2,1,1,0
STJ,IND,5532,27,27,12,10,71,48,34,31,88,56,16,15
STJ,JEF,1,0,0,0,0,0,0,0,0,0,0,0,0
STJ,LPF,913,4,1,0,1,9,5,4,4,12,2,5,3
STJ,MGT,3,0,0,0,0,0,0,0,0,0,0,0,0
STJ,NPA,60418,314,329,61,70,511,253,202,148,256,160,230,84
STJ,PSL,27,0,0,0,0,0,0,0,0,0,0,0,0
STJ,REP,144365,527,508,185,180,1462,718,457,339,242,179,262,152
STL,AMF,409,19,10,1,0,17,15,10,7,26,24,5,7
STL,ASP,186,3,2,0,0,2,1,1,0,2,1,0,0
STL,BPP,322,7,1,0,0,5,6,3,2,7,3,2,0
STL,CPF,547,3,3,0,0,1,14,1,1,2,0,0,0
STL,CPP,217,2,4,0,0,7,4,5,1,12,5,7,2
STL,CSV,1099,2,2,0,1,13,32,11,6,11,6,2,2
STL,DEM,95223,215,215,146,149,571,959,380,201,175,106,152,54
STL,ECO,104,2,1,0,0,2,4,2,2,0,3,0,1
STL,FFP,45,4,0,0,0,0,1,0,0,2,1,1,0
STL,GRE,200,0,2,0,0,3,7,3,2,1,3,0,1
STL,IND,7588,36,28,6,10,85,149,58,34,109,73,26,10
STL,JEF,1,0,0,0,0,0,0,0,0,0,0,0,0
STL,LPF,564,3,2,0,0,5,11,4,2,5,6,0,2
STL,MGT,2,0,0,0,0,0,0,0,0,0,0,0,0
STL,NPA,73167,231,180,91,94,430,956,307,186,190,135,109,43
STL,PSL,32,0,0,0,0,0,0,0,0,0,0,0,0
STL,REP,103437,353,312,162,191,700,1512,459,334,193,157,141,65
SUM,AMF,147,7,8,0,0,4,3,1,2,8,6,2,3
SUM,ASP,37,2,0,0,0,0,0,0,0,0,0,0,2
SUM,BPP,54,2,0,0,0,0,0,0,0,1,0,0,2
SUM,CPF,103,1,1,1,2,3,0,0,0,0,0,0,4
SUM,CPP,57,0,3,0,1,0,1,0,0,1,1,0,2
SUM,CSV,380,6,3,1,2,10,5,4,4,3,4,0,18
SUM,DEM,26457,124,132,140,187,256,138,131,85,85,88,50,378
SUM,ECO,29,2,0,1,1,0,0,0,0,0,0,0,0
SUM,FFP,18,0,1,0,0,0,1,0,1,2,1,0,1
SUM,GRE,48,1,0,1,0,0,1,0,1,0,1,0,3
SUM,IND,2994,26,31,11,17,61,40,31,29,86,67,6,40
SUM,LPF,244,3,4,0,0,4,1,2,0,0,1,0,2
SUM,NPA,27896,124,189,105,156,256,132,130,89,111,88,56,396
SUM,PSL,8,0,0,0,0,0,0,0,0,0,0,0,1
SUM,REP,82651,433,481,332,437,802,378,360,230,144,112,108,1017
SUW,AMF,61,6,5,0,0,2,2,1,1,1,5,1,0
SUW,ASP,24,0,0,0,0,0,0,0,0,1,1,0,0
SUW,BPP,11,0,1,0,0,0,0,0,0,0,0,0,0
SUW,CPF,76,0,0,0,0,0,0,0,0,1,0,0,0
SUW,CPP,29,0,2,0,0,0,0,0,0,2,0,0,0
SUW,CSV,131,0,1,2,0,3,1,2,1,3,1,1,1
SUW,DEM,6778,16,15,23,14,66,14,25,11,9,14,37,11
SUW,ECO,9,0,0,0,0,0,0,0,0,0,0,0,0
SUW,FFP,8,0,0,0,0,0,0,0,0,0,1,0,0
SUW,GRE,19,0,0,0,0,2,0,1,0,1,0,0,0
SUW,IND,571,6,4,1,1,8,8,4,4,8,14,8,2
SUW,LPF,102,1,0,0,0,1,0,1,0,0,0,2,0
SUW,NPA,4910,15,9,7,8,61,22,21,19,17,6,46,5
SUW,PSL,4,0,0,0,0,0,0,0,0,0,0,0,0
SUW,REP,18849,50,30,38,36,214,70,66,50,39,33,45,16
TAY,AMF,38,3,1,1,0,4,0,4,0,6,2,1,0
TAY,ASP,11,0,0,0,0,0,0,0,0,0,0,0,0
TAY,BPP,6,1,0,0,0,0,0,0,0,0,0,0,0
TAY,CPF,37,0,1,0,0,0,0,0,0,0,0,0,0
TAY,CPP,11,0,0,0,0,0,0,0,0,1,1,2,2
TAY,CSV,51,0,0,0,0,1,1,1,1,2,1,2,1
TAY,DEM,3726,10,7,8,7,15,4,12,2,5,5,28,5
TAY,ECO,5,0,0,0,0,0,0,0,0,0,0,0,0
TAY,FFP,1,0,0,0,0,0,0,0,0,0,0,0,0
TAY,GRE,4,0,0,0,0,0,0,0,0,0,0,0,0
TAY,IND,145,0,0,0,0,3,0,3,0,0,0,5,1
TAY,LPF,24,0,0,0,0,0,0,0,0,0,0,0,0
TAY,NPA,1481,4,7,1,1,5,1,4,1,5,1,20,1
TAY,PSL,1,1,0,0,0,0,0,0,0,0,0,0,0
TAY,REP,8281,20,22,17,12,30,26,19,19,7,8,54,13
UNI,AMF,4,0,0,0,0,1,0,0,0,2,0,0,0
UNI,CPF,10,0,0,0,0,0,0,0,0,0,0,0,0
UNI,CPP,1,0,0,0,0,0,0,0,0,0,0,0,0
UNI,CSV,13,0,0,0,0,0,0,0,0,0,0,0,0
UNI,DEM,1748,0,2,2,7,3,0,3,0,2,1,7,1
UNI,ECO,1,0,0,0,0,0,0,0,0,0,0,0,0
UNI,GRE,6,0,0,0,0,0,0,0,0,0,0,0,0
UNI,IND,111,0,0,0,1,0,0,0,0,0,3,1,0
UNI,LPF,25,0,0,0,0,0,0,0,0,0,0,0,0
UNI,NPA,838,1,1,1,0,5,1,5,1,2,0,10,0
UNI,PSL,2,0,0,0,0,0,0,0,0,0,0,0,0
UNI,REP,5198,8,1,10,3,17,15,17,12,6,4,8,1
VOL,AMF,647,38,33,0,2,17,26,6,13,54,50,16,8
VOL,ASP,261,2,3,0,0,6,7,3,1,10,4,4,1
VOL,BPP,723,8,11,0,0,18,17,12,3,23,17,3,5
VOL,CPF,656,4,1,1,1,5,13,2,2,3,1,2,1
VOL,CPP,285,4,6,1,0,7,6,4,2,14,7,2,3
VOL,CSV,1498,8,6,0,3,13,21,8,3,12,11,4,0
VOL,DEM,125683,309,290,276,194,3151,1266,426,200,278,194,532,99
VOL,ECO,188,2,2,1,1,3,3,1,1,0,6,1,2
VOL,FFP,56,1,2,0,0,0,2,0,2,0,5,1,1
VOL,GRE,359,4,3,0,1,6,7,0,1,2,0,0,0
VOL,IND,12093,55,45,14,15,167,206,73,43,192,153,53,25
VOL,JEF,3,0,0,0,0,0,0,0,0,0,0,0,0
VOL,LPF,1498,9,4,1,1,22,16,10,1,4,4,4,1
VOL,MGT,4,1,0,0,0,0,0,0,0,0,0,0,0
VOL,NPA,127357,375,343,171,163,2484,1263,465,184,334,264,546,98
VOL,PSL,70,1,0,0,0,0,0,0,0,0,1,0,0
VOL,REP,188574,551,544,335,240,3971,1849,666,323,418,355,338,104
VOL,WPF,3,0,0,0,0,1,1,0,1,0,3,0,0
WAK,AMF,71,1,5,0,0,1,1,1,1,5,3,1,0
WAK,ASP,27,1,0,0,0,1,0,1,0,0,0,0,0
WAK,BPP,8,1,0,0,0,0,0,0,0,0,1,0,0
WAK,CPF,54,0,0,0,0,0,0,0,0,0,0,0,0
WAK,CPP,35,0,0,0,0,0,1,1,1,3,1,0,0
WAK,CSV,145,2,0,1,0,3,0,1,0,0,0,0,0
WAK,DEM,6881,21,10,19,12,85,20,57,16,21,9,5,6
WAK,ECO,7,0,0,0,0,0,0,0,0,0,0,0,0
WAK,FFP,4,0,0,0,0,0,0,0,0,0,0,0,0
WAK,GRE,15,0,0,0,0,1,0,1,0,0,0,0,0
WAK,IND,546,3,0,0,1,10,1,5,2,13,5,0,1
WAK,JEF,1,0,0,0,0,0,0,0,0,0,0,0,0
WAK,LPF,89,0,0,0,0,0,0,0,0,0,0,0,0
WAK,NPA,4694,13,17,6,3,58,14,31,12,19,21,6,7
WAK,PSL,4,0,0,0,0,0,0,0,0,0,0,0,0
WAK,REP,14593,40,33,18,13,148,48,64,37,43,27,12,13
WAL,AMF,121,12,3,0,1,2,6,1,1,8,9,2,1
WAL,ASP,42,0,1,0,0,1,0,1,0,1,0,0,0
WAL,BPP,28,1,2,0,0,1,0,1,0,0,0,0,0
WAL,CPF,113,1,2,0,0,0,1,0,0,2,0,0,0
WAL,CPP,40,2,0,0,0,0,2,0,0,0,2,0,1
WAL,CSV,317,1,1,1,3,2,9,2,2,0,2,0,2
WAL,DEM,8996,33,54,24,23,57,81,26,13,23,27,18,13
WAL,ECO,19,1,0,0,0,0,0,0,0,0,0,0,0
WAL,FFP,12,0,0,0,0,0,0,0,0,0,0,0,0
WAL,GRE,47,1,2,0,0,1,2,0,2,0,2,0,0
WAL,IND,1514,10,17,1,0,14,26,2,6,23,18,2,2
WAL,JEF,1,0,0,0,0,0,0,0,0,0,0,0,0
WAL,LPF,236,2,0,0,0,2,3,2,0,0,1,1,0
WAL,MGT,1,0,0,0,0,0,0,0,0,0,0,0,0
WAL,NPA,12564,51,55,18,22,71,104,41,24,45,44,47,14
WAL,PSL,11,0,0,0,0,0,0,0,0,1,0,0,0
WAL,REP,45911,253,265,79,52,295,490,146,111,65,72,68,47
WAS,AMF,27,1,0,0,0,1,1,1,1,2,1,1,0
WAS,ASP,1,0,0,0,0,0,0,0,0,0,0,0,0
WAS,BPP,4,0,0,0,0,0,0,0,0,0,0,0,0
WAS,CPF,26,0,0,1,0,0,0,0,0,0,0,0,0
WAS,CPP,9,0,0,0,0,0,0,0,0,1,0,1,0
WAS,CSV,63,0,0,0,0,1,0,1,0,1,0,0,0
WAS,DEM,3400,7,8,15,5,11,5,7,4,10,5,4,2
WAS,ECO,2,0,0,0,0,0,0,0,0,0,0,0,0
WAS,FFP,1,0,0,0,0,0,0,0,0,0,0,0,0
WAS,GRE,6,0,0,0,0,0,0,0,0,0,0,0,0
WAS,IND,236,1,0,0,0,2,0,2,0,4,4,1,0
WAS,JEF,1,0,0,0,0,0,0,0,0,0,0,0,0
WAS,LPF,40,0,1,0,0,0,0,0,0,0,2,0,0
WAS,NPA,2519,11,7,4,2,8,15,5,15,9,15,3,5
WAS,REP,11376,41,23,18,21,40,36,31,27,17,22,13,12
